{"Scores": {"Attack": {"Attack": [3.0, 3.0], "Flee": [97.5, 1.0]}, "Flee": {"Attack": [48.166666666666664, 98.0], "Flee": [48.583333333333336, 71.66666666666667]}}, "Counts": {"Attack": {"Attack": [1.0, 1.0], "Flee": [3.0, 3.0]}, "Flee": {"Attack": [6.0, 6.0], "Flee": [6.0, 6.0]}}}