{"Counts": {"Attack": {"Attack": [74.0, 74.0], "Flee": [28.0, 28.0]}, "Flee": {"Attack": [25.0, 25.0], "Flee": [65.0, 65.0]}}, "Scores": {"Attack": {"Attack": [17.472972972972972, 15.547297297297295], "Flee": [8.857142857142856, 12.232142857142858]}, "Flee": {"Attack": [17.46, 11.28], "Flee": [14.600000000000003, 15.130769230769234]}}}