{"Scores": {"Attack": {"Attack": [22.375, 17.1875], "Flee": [9.0, 20.75]}, "Flee": {"Attack": [23.666666666666668, 9.4], "Flee": [16.614285714285714, 21.514285714285716]}}, "Counts": {"Attack": {"Attack": [8.0, 8.0], "Flee": [6.0, 6.0]}, "Flee": {"Attack": [15.0, 15.0], "Flee": [35.0, 35.0]}}}