{"Counts": {"Attack": {"Attack": [62.0, 62.0], "Flee": [24.0, 24.0]}, "Flee": {"Attack": [25.0, 25.0], "Flee": [65.0, 65.0]}}, "Scores": {"Attack": {"Attack": [18.233870967741936, 16.11290322580645], "Flee": [9.666666666666666, 13.604166666666666]}, "Flee": {"Attack": [17.46, 11.28], "Flee": [14.600000000000003, 15.130769230769234]}}}