{
    "Counts": {
        "Attack": {
            "Attack": [56.0, 56.0], "Flee": [22.0, 22.0]
        },
        "Flee": {
            "Attack": [23.0, 23.0], "Flee": [59.0, 59.0]
        }
    }, 
    "Scores": {
        "Attack": {
            "Attack": [19.526785714285715, 17.178571428571427], "Flee": [10.431818181818182, 14.477272727272727]
        },
        "Flee": {
            "Attack": [18.869565217391305, 12.152173913043478], "Flee": [15.77118644067797, 16.355932203389834]
        }
    },
    "Epoch": 0
}