{
    "Epoch": 0, 
    "Counts": {
        "Attack": {"Attack": [150, 150], "Flee": [42, 42]}, 
        "Flee": {"Attack": [42, 42], "Flee": [6, 6]}},
    "Scores": {
        "Attack": {"Attack": [9.303333333333335, 9.30333333333333], "Flee": [2.8095238095238093, 4.511904761904762]},
        "Flee": {"Attack": [4.511904761904762, 2.8095238095238093], "Flee": [4.5, 4.5]}
    }
}