{
  "Counts": {

    "Attack": {
      "Attack": [
        8.0,
        8.0
      ],
      "Flee": [
        6.0,
        6.0
      ]
    },

    "Flee": {
      "Attack": [
        17.0,
        17.0
      ],
      "Flee": [
        41.0,
        41.0
      ]
    }
  },
  "Scores": {

    "Attack": {
      "Attack": [
        22.375,
        17.1875
      ],
      "Flee": [
        9.0,
        20.75
      ]
    },

    "Flee": {
      "Attack": [
        23.470588235294116,
        10.823529411764707
      ],
      "Flee": [
        16.365853658536587,
        19.487804878048784
      ]
    }
  }
}